drug,pct_decline
aminocaproic acid,1.0
amlodipine besylate,0.1772822950800439
baclofen,0.037169404565007245
betamethasone dipropionate,0.10767954268428855
clotrimazole,-0.08823676041621135
eplerenone,0.06503620701081082
hydroxychloroquine sulfate,0.07680462313557053
itraconazole,0.026706713939693566
methylergonovine maleate,0.3289784936355612
morphine sulfate,0.23616030932214388
omeprazole,0.05334484915514891
potassium chloride,-0.1192535704917747
